{"cameraMode":{"drawMode":0,"name":"Shaded","section":"Shading Mode"},"sceneLighting":false,"audioPlay":false,"sceneViewState":{"showFog":true,"showMaterialUpdate":false,"showSkybox":true,"showFlares":true,"showImageEffects":true,"showParticleSystems":true},"in2DMode":false,"pivot":{"x":-21.161182403564454,"y":172.29844665527345,"z":6.3236083984375},"rotation":{"x":-0.032309528440237048,"y":0.9603972434997559,"z":-0.24666035175323487,"w":-0.12575316429138184},"size":29.068634033203126,"orthographic":false}