{"cameraMode":{"drawMode":0,"name":"Shaded","section":"Shading Mode"},"sceneLighting":false,"audioPlay":false,"sceneViewState":{"showFog":true,"showMaterialUpdate":false,"showSkybox":true,"showFlares":true,"showImageEffects":true,"showParticleSystems":true},"in2DMode":false,"pivot":{"x":-16.060020446777345,"y":25.480487823486329,"z":41.682960510253909},"rotation":{"x":0.036794163286685947,"y":-0.9631891846656799,"z":0.19174054265022279,"w":0.1848335862159729},"size":5.162089824676514,"orthographic":false}