{"cameraMode":{"drawMode":0,"name":"Shaded","section":"Shading Mode"},"sceneLighting":false,"audioPlay":false,"sceneViewState":{"showFog":true,"showMaterialUpdate":false,"showSkybox":true,"showFlares":true,"showImageEffects":true,"showParticleSystems":true},"in2DMode":false,"pivot":{"x":-24.621843338012697,"y":1.26615309715271,"z":-10.892718315124512},"rotation":{"x":0.030046449974179269,"y":0.9304090142250061,"z":-0.0783408060669899,"w":0.35693955421447756},"size":5.330987930297852,"orthographic":false}