{"cameraMode":{"drawMode":0,"name":"Shaded","section":"Shading Mode"},"sceneLighting":false,"audioPlay":false,"sceneViewState":{"showFog":true,"showMaterialUpdate":false,"showSkybox":true,"showFlares":true,"showImageEffects":true,"showParticleSystems":true},"in2DMode":false,"pivot":{"x":-12.997411727905274,"y":164.10260009765626,"z":18.358074188232423},"rotation":{"x":-0.01333545334637165,"y":0.9806274771690369,"z":-0.1817990392446518,"w":-0.07190791517496109},"size":16.84882354736328,"orthographic":false}