{"cameraMode":{"drawMode":0,"name":"Shaded","section":"Shading Mode"},"sceneLighting":false,"audioPlay":false,"sceneViewState":{"showFog":true,"showMaterialUpdate":false,"showSkybox":false,"showFlares":true,"showImageEffects":true,"showParticleSystems":true},"in2DMode":false,"pivot":{"x":-23.75,"y":2.197999954223633,"z":-6.610000133514404},"rotation":{"x":0.030046449974179269,"y":0.9304090142250061,"z":-0.0783408060669899,"w":0.35693955421447756},"size":0.11123035848140717,"orthographic":false}