{"cameraMode":{"drawMode":0,"name":"Shaded","section":"Shading Mode"},"sceneLighting":false,"audioPlay":false,"sceneViewState":{"showFog":true,"showMaterialUpdate":false,"showSkybox":true,"showFlares":true,"showImageEffects":true,"showParticleSystems":true},"in2DMode":false,"pivot":{"x":7.242630958557129,"y":19.82684326171875,"z":20.04282569885254},"rotation":{"x":0.037767212837934497,"y":-0.8936297297477722,"z":0.07659071683883667,"w":0.44062694907188418},"size":6.0620903968811039,"orthographic":false}