{"cameraMode":{"drawMode":0,"name":"Shaded","section":"Shading Mode"},"sceneLighting":false,"audioPlay":false,"sceneViewState":{"showFog":true,"showMaterialUpdate":false,"showSkybox":true,"showFlares":true,"showImageEffects":true,"showParticleSystems":true},"in2DMode":false,"pivot":{"x":-27.154766082763673,"y":7.738725185394287,"z":-10.874814987182618},"rotation":{"x":-0.0022456261795014145,"y":0.9921239018440247,"z":-0.12416064739227295,"w":-0.017857693135738374},"size":24.231687545776368,"orthographic":false}