{"cameraMode":{"drawMode":0,"name":"Shaded","section":"Shading Mode"},"sceneLighting":false,"audioPlay":false,"sceneViewState":{"showFog":true,"showMaterialUpdate":false,"showSkybox":false,"showFlares":true,"showImageEffects":true,"showParticleSystems":true},"in2DMode":false,"pivot":{"x":0.0000016689300537109376,"y":1.4134800434112549,"z":-0.11796079576015473},"rotation":{"x":-0.02583036571741104,"y":0.9461109042167664,"z":-0.3133302927017212,"w":-0.07793809473514557},"size":3.1732258796691896,"orthographic":false}